ADDRESS,LOCATION,CITY,FAI ID,ASSET TAG,ASSET TYPE,MANUFACTURER,MODEL,SERIAL,MANUFACTURER DATE,CONDITION,CREATED,DATE OF BIRTH,NOTES,POWER SOURCE,SOURCE,TEMP ALERT TAG,UNIQUE FIELDS,STATE,ZIP,AMPS,VOLTAGE,WATTAGE,REFRIGERANT CHARGE,REFRIGERANT UNIT,REFRIGERANT TYPE,AREA,SUB AREA,PHOTO TYPE (1),PHOTO URL (1),PHOTO TYPE (2),PHOTO URL (2),PHOTO TYPE (3),PHOTO URL (3)
500 INDUSTRIAL BLVD,METRO SERVICE CENTER,AUSTIN,770487,7700828,ELECTRICAL PANEL,1 - MANUFACTURER NOT LISTED,0,,,3,10/27/2025,,Good,,FORM_SUBMISSION,,{},TX,78701,,,,,,,OUTSIDE,,EQUIPMENT,https://placeholder.com/equipment_photo_1.jpg,ID_TAG,https://placeholder.com/equipment_photo_2.jpg,,
500 INDUSTRIAL BLVD,METRO SERVICE CENTER,AUSTIN,216739,7073292,VR (Veeder Root),VEEDER-ROOT,0,,,3,10/27/2025,,Good,,FORM_SUBMISSION,,{},TX,78701,,,,,,,BACK OFFICE / BUSINESS OFFICE,,EQUIPMENT,https://placeholder.com/equipment_photo_1.jpg,ID_TAG,https://placeholder.com/equipment_photo_2.jpg,,
500 INDUSTRIAL BLVD,METRO SERVICE CENTER,AUSTIN,126225,4679591,Printer/Machine,1 - MANUFACTURER NOT LISTED,0,,,4,10/27/2025,,Good,,FORM_SUBMISSION,,{},TX,78701,,,,,,,BACK OFFICE / BUSINESS OFFICE,,EQUIPMENT,https://placeholder.com/equipment_photo_1.jpg,ID_TAG,https://placeholder.com/equipment_photo_2.jpg,,
500 INDUSTRIAL BLVD,METRO SERVICE CENTER,AUSTIN,877572,3320821,Printer/Machine,MAKO NETWORK,,,,4,10/27/2025,,Good,,FORM_SUBMISSION,,{},TX,78701,,,,,,,BACK OFFICE / BUSINESS OFFICE,,EQUIPMENT,https://placeholder.com/equipment_photo_1.jpg,ID_TAG,https://placeholder.com/equipment_photo_2.jpg,,
500 INDUSTRIAL BLVD,METRO SERVICE CENTER,AUSTIN,388389,9548432,ELECTRICAL PANEL,SIEMENS,0,,,5,10/27/2025,,Good,,FORM_SUBMISSION,,{},TX,78701,,,,,,,BACK OFFICE / BUSINESS OFFICE,,EQUIPMENT,https://placeholder.com/equipment_photo_1.jpg,ID_TAG,https://placeholder.com/equipment_photo_2.jpg,,
500 INDUSTRIAL BLVD,METRO SERVICE CENTER,AUSTIN,356787,9279821,ELECTRICAL PANEL,1 - MANUFACTURER NOT LISTED,0,,,3,10/27/2025,,Good,,FORM_SUBMISSION,,{},TX,78701,,,,,,,BACK OFFICE / BUSINESS OFFICE,,EQUIPMENT,https://placeholder.com/equipment_photo_1.jpg,ID_TAG,https://placeholder.com/equipment_photo_2.jpg,,
500 INDUSTRIAL BLVD,METRO SERVICE CENTER,AUSTIN,334053,2525206,Air Fryer,NINJA,0,,,3,10/27/2025,,G,,FORM_SUBMISSION,,{},TX,78701,,,,,,,BACK PREP AREA,,EQUIPMENT,https://placeholder.com/equipment_photo_1.jpg,ID_TAG,https://placeholder.com/equipment_photo_2.jpg,,
500 INDUSTRIAL BLVD,METRO SERVICE CENTER,AUSTIN,246316,1790481,CONVECTION OVEN,OTIS,0,,,3,10/27/2025,,Good,,FORM_SUBMISSION,,{},TX,78701,,,,,,,BACK PREP AREA,,EQUIPMENT,https://placeholder.com/equipment_photo_1.jpg,ID_TAG,https://placeholder.com/equipment_photo_2.jpg,,
500 INDUSTRIAL BLVD,METRO SERVICE CENTER,AUSTIN,872246,2839607,COFFEE/TEA BREWER,BUNN,TF SERVER 15G MECH GEN3,TFC1119907,,4,10/27/2025,,Good,,FORM_SUBMISSION,,{},TX,78701,,,,,,,BACK PREP AREA,,EQUIPMENT,https://placeholder.com/equipment_photo_1.jpg,MANUFACTURER_PLATE,https://placeholder.com/equipment_photo_2.jpg,ID_TAG,https://placeholder.com/equipment_photo_3.jpg
500 INDUSTRIAL BLVD,METRO SERVICE CENTER,AUSTIN,207473,3564251,Hand sink,ADVANCE TABCO,0,,,3,10/27/2025,,Good,,FORM_SUBMISSION,,{},TX,78701,,,,,,,BACK PREP AREA,,EQUIPMENT,https://placeholder.com/equipment_photo_1.jpg,ID_TAG,https://placeholder.com/equipment_photo_2.jpg,,
500 INDUSTRIAL BLVD,METRO SERVICE CENTER,AUSTIN,809570,3684052,1 Door Reach-In Refrigerator,DUKE MANUFACTURING CO,GDM23HCTSL01,9186711,05/23/2017,3,10-27-2025,,Good,,FORM_SUBMISSION,,{},TX,78701,,,,4.1,OZ,R290,BACK PREP AREA,,EQUIPMENT,https://placeholder.com/equipment_photo_1.jpg,MANUFACTURER_PLATE,https://placeholder.com/equipment_photo_2.jpg,ID_TAG,https://placeholder.com/equipment_photo_3.jpg
500 INDUSTRIAL BLVD,METRO SERVICE CENTER,AUSTIN,876646,8082668,1 Door Reach-In Refrigerator,EVEREST REFRIGERATION,EMGF23,BMGF2316120003,04/16/2023,4,10/27/2025,,Good,,FORM_SUBMISSION,,{},TX,78701,,,,19.75,OZ,R404A,BACK PREP AREA,,EQUIPMENT,https://placeholder.com/equipment_photo_1.jpg,MANUFACTURER_PLATE,https://placeholder.com/equipment_photo_2.jpg,ID_TAG,https://placeholder.com/equipment_photo_3.jpg
500 INDUSTRIAL BLVD,METRO SERVICE CENTER,AUSTIN,671858,2065818,2 Door Upright Reach-In Freezer,true manufacturing,T-23F,1-2915900,05/06/2001,3,10/27/2025,,Good,,FORM_SUBMISSION,,{},TX,78701,,,,12,OZ,R404A,BACK PREP AREA,,EQUIPMENT,https://placeholder.com/equipment_photo_1.jpg,MANUFACTURER_PLATE,https://placeholder.com/equipment_photo_2.jpg,ID_TAG,https://placeholder.com/equipment_photo_3.jpg
500 INDUSTRIAL BLVD,METRO SERVICE CENTER,AUSTIN,191161,7455324,2 Door Upright Reach-In Freezer,BEVERAGE-AIR CORPORATION,HBF49-1,11307357,07/24/2011,4,10/27/2025,,Good,,FORM_SUBMISSION,,{},TX,78701,,,,26,lb,R404A,BACK PREP AREA,,EQUIPMENT,https://placeholder.com/equipment_photo_1.jpg,MANUFACTURER_PLATE,https://placeholder.com/equipment_photo_2.jpg,ID_TAG,https://placeholder.com/equipment_photo_3.jpg
500 INDUSTRIAL BLVD,METRO SERVICE CENTER,AUSTIN,719176,7402509,3 COMPARTMENT SINK,1 - manufacturer not listed,0,,,3,10/27/2025,,Good,,FORM_SUBMISSION,,{},TX,78701,,,,,,,BACK PREP AREA,,EQUIPMENT,https://placeholder.com/equipment_photo_1.jpg,ID_TAG,https://placeholder.com/equipment_photo_2.jpg,,
500 INDUSTRIAL BLVD,METRO SERVICE CENTER,AUSTIN,542417,8852574,Mop Sink,1 - manufacturer not listed,0,,,2,10/27/2025,,Fair,,FORM_SUBMISSION,,{},TX,78701,,,,,,,BACK PREP AREA,,EQUIPMENT,https://placeholder.com/equipment_photo_1.jpg,ID_TAG,https://placeholder.com/equipment_photo_2.jpg,,
500 INDUSTRIAL BLVD,METRO SERVICE CENTER,AUSTIN,133326,9877065,FIRE SUPPRESSION SYSTEM KIT/HOOD,0AHU FIRE PROTECTION INC.,0,,,5,10/27/2025,,Good,,FORM_SUBMISSION,,{},TX,78701,,,,,,,BACK PREP AREA,,EQUIPMENT,https://placeholder.com/equipment_photo_1.jpg,ID_TAG,https://placeholder.com/equipment_photo_2.jpg,,
500 INDUSTRIAL BLVD,METRO SERVICE CENTER,AUSTIN,131244,5218028,PRINTER/MACHINE,LINKSYS,E5350,30K10M2BC04373,,3,10/27/2025,,Good,,FORM_SUBMISSION,,{},TX,78701,,,,,,,INSIDE STORE,,EQUIPMENT,https://placeholder.com/equipment_photo_1.jpg,MANUFACTURER_PLATE,https://placeholder.com/equipment_photo_2.jpg,ID_TAG,https://placeholder.com/equipment_photo_3.jpg
500 INDUSTRIAL BLVD,METRO SERVICE CENTER,AUSTIN,198246,1192619,Printer/Machine,LINKSYS,E5350,30K10M2BC03688,,3,10/27/2025,,Good,,FORM_SUBMISSION,,{},TX,78701,,,,,,,INSIDE STORE,,EQUIPMENT,https://placeholder.com/equipment_photo_1.jpg,MANUFACTURER_PLATE,https://placeholder.com/equipment_photo_2.jpg,ID_TAG,https://placeholder.com/equipment_photo_3.jpg
500 INDUSTRIAL BLVD,METRO SERVICE CENTER,AUSTIN,329258,2921859,Printer/Machine,1 - MANUFACTURER NOT LISTED,0,,,3,10/27/2025,,Good,,FORM_SUBMISSION,,{},TX,78701,,,,,,,INSIDE STORE,,EQUIPMENT,https://placeholder.com/equipment_photo_1.jpg,ID_TAG,https://placeholder.com/equipment_photo_2.jpg,,
500 INDUSTRIAL BLVD,METRO SERVICE CENTER,AUSTIN,343962,5476583,PRINTER/MACHINE,INSEEGO,FX3100-1,990017990618510,,3,10-27-2025,,Good,,FORM_SUBMISSION,,{},TX,78701,,,,,,,INSIDE STORE,,EQUIPMENT,https://placeholder.com/equipment_photo_1.jpg,MANUFACTURER_PLATE,https://placeholder.com/equipment_photo_2.jpg,ID_TAG,https://placeholder.com/equipment_photo_3.jpg
500 INDUSTRIAL BLVD,METRO SERVICE CENTER,AUSTIN,629903,6707197,BILL RECYCLER,"CITIZEN SYSTEMS JAPAN CO.,LTD.",TZ30-M01,TZ3022Y2937,,2,10/27/2025,,Good,,FORM_SUBMISSION,,{},TX,78701,,,,,,,INSIDE STORE,,EQUIPMENT,https://placeholder.com/equipment_photo_1.jpg,MANUFACTURER_PLATE,https://placeholder.com/equipment_photo_2.jpg,ID_TAG,https://placeholder.com/equipment_photo_3.jpg
500 INDUSTRIAL BLVD,METRO SERVICE CENTER,AUSTIN,731262,2871534,Monitor,1 - MANUFACTURER NOT LISTED,0,,,2,10/27/2025,,Good,,FORM_SUBMISSION,,{},TX,78701,,,,,,,INSIDE STORE,,EQUIPMENT,https://placeholder.com/equipment_photo_1.jpg,ID_TAG,https://placeholder.com/equipment_photo_2.jpg,,
500 INDUSTRIAL BLVD,METRO SERVICE CENTER,AUSTIN,127824,5924115,Monitor,HONEYWELL,PRO SERIES,,,4,10/27/2025,,Good,,FORM_SUBMISSION,,{},TX,78701,,,,,,,INSIDE STORE,,EQUIPMENT,https://placeholder.com/equipment_photo_1.jpg,ID_TAG,https://placeholder.com/equipment_photo_2.jpg,,
500 INDUSTRIAL BLVD,METRO SERVICE CENTER,AUSTIN,688508,8294150,INTERCOM SYSTEM,INTRACOM,445AA,666855,,2,10/27/2025,,Good,,FORM_SUBMISSION,,{},TX,78701,,,,,,,INSIDE STORE,,EQUIPMENT,https://placeholder.com/equipment_photo_1.jpg,MANUFACTURER_PLATE,https://placeholder.com/equipment_photo_2.jpg,ID_TAG,https://placeholder.com/equipment_photo_3.jpg
500 INDUSTRIAL BLVD,METRO SERVICE CENTER,AUSTIN,308496,3653446,Time clock,DAYFORCE,0,,,3,10/27/2025,,Good,,FORM_SUBMISSION,,{},TX,78701,,,,,,,INSIDE STORE,,EQUIPMENT,https://placeholder.com/equipment_photo_1.jpg,ID_TAG,https://placeholder.com/equipment_photo_2.jpg,,
500 INDUSTRIAL BLVD,METRO SERVICE CENTER,AUSTIN,850800,8612220,Phone,Cisco,CP8841,FCH2107D498,02/02/2017,2,10/27/2025,,Good,,FORM_SUBMISSION,,{},TX,78701,,,,,,,INSIDE STORE,,EQUIPMENT,https://placeholder.com/equipment_photo_1.jpg,MANUFACTURER_PLATE,https://placeholder.com/equipment_photo_2.jpg,ID_TAG,https://placeholder.com/equipment_photo_3.jpg
500 INDUSTRIAL BLVD,METRO SERVICE CENTER,AUSTIN,781453,1054447,INTERCOM SYSTEM,1 - MANUFACTURER NOT LISTED,0,,,3,10/27/2025,,Good,,FORM_SUBMISSION,,{},TX,78701,,,,,,,OUTSIDE,,EQUIPMENT,https://placeholder.com/equipment_photo_1.jpg,ID_TAG,https://placeholder.com/equipment_photo_2.jpg,,
500 INDUSTRIAL BLVD,METRO SERVICE CENTER,AUSTIN,835392,5418934,Cash/Drop Box,1 - MANUFACTURER NOT LISTED,0,,,4,10/27/2025,,Good,,FORM_SUBMISSION,,{},TX,78701,,,,,,,INSIDE STORE,,EQUIPMENT,https://placeholder.com/equipment_photo_1.jpg,ID_TAG,https://placeholder.com/equipment_photo_2.jpg,,
500 INDUSTRIAL BLVD,METRO SERVICE CENTER,AUSTIN,671412,9398441,Monitor,INSIGNIA,0,,,4,10/27/2025,,Good,,FORM_SUBMISSION,,{},TX,78701,,,,,,,BACK OFFICE / BUSINESS OFFICE,,EQUIPMENT,https://placeholder.com/equipment_photo_1.jpg,ID_TAG,https://placeholder.com/equipment_photo_2.jpg,,
500 INDUSTRIAL BLVD,METRO SERVICE CENTER,AUSTIN,539898,3997281,ELECTRICAL PANEL,1 - MANUFACTURER NOT LISTED,0,,,2,10/27/2025,,Good,,FORM_SUBMISSION,,{},TX,78701,,,,,,,BACK OFFICE / BUSINESS OFFICE,,EQUIPMENT,https://placeholder.com/equipment_photo_1.jpg,ID_TAG,https://placeholder.com/equipment_photo_2.jpg,,
500 INDUSTRIAL BLVD,METRO SERVICE CENTER,AUSTIN,331148,9517485,Phone,AT&T,E5827,EV402848279,,3,10/27/2025,,Good,,FORM_SUBMISSION,,{},TX,78701,,,,,,,BACK OFFICE / BUSINESS OFFICE,,EQUIPMENT,https://placeholder.com/equipment_photo_1.jpg,MANUFACTURER_PLATE,https://placeholder.com/equipment_photo_2.jpg,ID_TAG,https://placeholder.com/equipment_photo_3.jpg
500 INDUSTRIAL BLVD,METRO SERVICE CENTER,AUSTIN,571029,2785277,Printer/Machine,1 - MANUFACTURER NOT LISTED,OM5224AS,2406125698,,3,10/27/2025,,Good,,FORM_SUBMISSION,,{},TX,78701,,,,,,,BACK OFFICE / BUSINESS OFFICE,,EQUIPMENT,https://placeholder.com/equipment_photo_1.jpg,MANUFACTURER_PLATE,https://placeholder.com/equipment_photo_2.jpg,ID_TAG,https://placeholder.com/equipment_photo_3.jpg
500 INDUSTRIAL BLVD,METRO SERVICE CENTER,AUSTIN,717889,6007072,Phone,PANASONIC,PNLC1079 YA,,,4,10/27/2025,,Good,,FORM_SUBMISSION,,{},TX,78701,,,,,,,BACK OFFICE / BUSINESS OFFICE,,EQUIPMENT,https://placeholder.com/equipment_photo_1.jpg,MANUFACTURER_PLATE,https://placeholder.com/equipment_photo_2.jpg,ID_TAG,https://placeholder.com/equipment_photo_3.jpg
500 INDUSTRIAL BLVD,METRO SERVICE CENTER,AUSTIN,391704,9517169,SAFE,ARMOR SAFE TECNOLOGIES,,250373021041,,3,10/27/2025,,Good,,FORM_SUBMISSION,,{},TX,78701,,,,,,,BACK OFFICE / BUSINESS OFFICE,,EQUIPMENT,https://placeholder.com/equipment_photo_1.jpg,MANUFACTURER_PLATE,https://placeholder.com/equipment_photo_2.jpg,ID_TAG,https://placeholder.com/equipment_photo_3.jpg
500 INDUSTRIAL BLVD,METRO SERVICE CENTER,AUSTIN,948749,4337174,Hand sink,1 - MANUFACTURER NOT LISTED,0,,,3,10/27/2025,,Good,,FORM_SUBMISSION,,{},TX,78701,,,,,,,BACK OFFICE / BUSINESS OFFICE,,EQUIPMENT,https://placeholder.com/equipment_photo_1.jpg,ID_TAG,https://placeholder.com/equipment_photo_2.jpg,,
500 INDUSTRIAL BLVD,METRO SERVICE CENTER,AUSTIN,106814,3564217,REFRIGERATOR UPRIGHT REACH IN,ANTHONYS MFG,0101PRNTCFLCLUL,,02/19/1997,5,10/27/2025,,G,,FORM_SUBMISSION,,{},TX,78701,,,,,,,INSIDE STORE,,EQUIPMENT,https://placeholder.com/equipment_photo_1.jpg,MANUFACTURER_PLATE,https://placeholder.com/equipment_photo_2.jpg,ID_TAG,https://placeholder.com/equipment_photo_3.jpg
500 INDUSTRIAL BLVD,METRO SERVICE CENTER,AUSTIN,895667,7273233,REFRIGERATOR UPRIGHT REACH IN,ANTHONYS MFG,0101PRNTCFLCLUL,,02/19/1997,5,10/27/2025,,Good,,FORM_SUBMISSION,,{},TX,78701,,,,,,,INSIDE STORE,,EQUIPMENT,https://placeholder.com/equipment_photo_1.jpg,MANUFACTURER_PLATE,https://placeholder.com/equipment_photo_2.jpg,ID_TAG,https://placeholder.com/equipment_photo_3.jpg
500 INDUSTRIAL BLVD,METRO SERVICE CENTER,AUSTIN,944962,3710343,1 Door Reach-In Refrigerator,ANTHONYS MFG,101NORLT,3346936,,4,10/26/2025,,Good,,FORM_SUBMISSION,,{},TX,78701,,,,,,,INSIDE STORE,,EQUIPMENT,https://placeholder.com/equipment_photo_1.jpg,MANUFACTURER_PLATE,https://placeholder.com/equipment_photo_2.jpg,ID_TAG,https://placeholder.com/equipment_photo_3.jpg
500 INDUSTRIAL BLVD,METRO SERVICE CENTER,AUSTIN,267414,9897858,Beer Cave,ANTHONYS MFG,103NAXNTCFLCLUL,3346936,12/08/2023,3,10/26/2025,,Good,,FORM_SUBMISSION,,{},TX,78701,,,,,,,INSIDE STORE,,EQUIPMENT,https://placeholder.com/equipment_photo_1.jpg,MANUFACTURER_PLATE,https://placeholder.com/equipment_photo_2.jpg,ID_TAG,https://placeholder.com/equipment_photo_3.jpg
500 INDUSTRIAL BLVD,METRO SERVICE CENTER,AUSTIN,832052,1009594,VACUUM SYSTEM,air saver,,110553,,3,10/26/2025,,Good,,FORM_SUBMISSION,,{},TX,78701,,,,,,,OUTSIDE,,EQUIPMENT,https://placeholder.com/equipment_photo_1.jpg,MANUFACTURER_PLATE,https://placeholder.com/equipment_photo_2.jpg,ID_TAG,https://placeholder.com/equipment_photo_3.jpg
500 INDUSTRIAL BLVD,METRO SERVICE CENTER,AUSTIN,543143,6438436,TIRE AIR MACHINE,1 - MANUFACTURER NOT LISTED,0,,,3,10/26/2025,,Good,,FORM_SUBMISSION,,{},TX,78701,,,,,,,OUTSIDE,,EQUIPMENT,https://placeholder.com/equipment_photo_1.jpg,ID_TAG,https://placeholder.com/equipment_photo_2.jpg,,
500 INDUSTRIAL BLVD,METRO SERVICE CENTER,AUSTIN,456778,9197443,VACUUM SYSTEM,AIR SAVER,,110546,,4,10/26/2025,,Good,,FORM_SUBMISSION,,{},TX,78701,,,,,,,OUTSIDE,,EQUIPMENT,https://placeholder.com/equipment_photo_1.jpg,MANUFACTURER_PLATE,https://placeholder.com/equipment_photo_2.jpg,ID_TAG,https://placeholder.com/equipment_photo_3.jpg
500 INDUSTRIAL BLVD,METRO SERVICE CENTER,AUSTIN,391369,1326765,SURVEILLANCE SYSTEM,1 - MANUFACTURER NOT LISTED,IP-5IRD8S3B4-28,23065IRD8S3B4280239,,3,10/26/2025,,Good,,FORM_SUBMISSION,,{},TX,78701,,,,,,,CARWASH,,EQUIPMENT,https://placeholder.com/equipment_photo_1.jpg,MANUFACTURER_PLATE,https://placeholder.com/equipment_photo_2.jpg,ID_TAG,https://placeholder.com/equipment_photo_3.jpg
500 INDUSTRIAL BLVD,METRO SERVICE CENTER,AUSTIN,263032,2876828,ELECTRICAL PANEL,1 - MANUFACTURER NOT LISTED,0,,,4,10/26/2025,,Good,,FORM_SUBMISSION,,{},TX,78701,,,,,,,CARWASH,,EQUIPMENT,https://placeholder.com/equipment_photo_1.jpg,ID_TAG,https://placeholder.com/equipment_photo_2.jpg,,
500 INDUSTRIAL BLVD,METRO SERVICE CENTER,AUSTIN,325772,7089806,ELECTRICAL PANEL,EATON,0,,,3,10/26/2025,,Good,,FORM_SUBMISSION,,{},TX,78701,,,,,,,CARWASH,,EQUIPMENT,https://placeholder.com/equipment_photo_1.jpg,ID_TAG,https://placeholder.com/equipment_photo_2.jpg,,
500 INDUSTRIAL BLVD,METRO SERVICE CENTER,AUSTIN,900581,6159230,ELECTRICAL PANEL,RYKO,0,,,2,10/26/2025,,Good,,FORM_SUBMISSION,,{},TX,78701,,,,,,,CARWASH,,EQUIPMENT,https://placeholder.com/equipment_photo_1.jpg,ID_TAG,https://placeholder.com/equipment_photo_2.jpg,,
500 INDUSTRIAL BLVD,METRO SERVICE CENTER,AUSTIN,452944,5017343,ELECTRICAL PANEL,GRUNDFOS,A9908018910000252P12313,95120839,,2,10/26/2025,,Good,,FORM_SUBMISSION,,{},TX,78701,,,,,,,CARWASH,,EQUIPMENT,https://placeholder.com/equipment_photo_1.jpg,MANUFACTURER_PLATE,https://placeholder.com/equipment_photo_2.jpg,ID_TAG,https://placeholder.com/equipment_photo_3.jpg
500 INDUSTRIAL BLVD,METRO SERVICE CENTER,AUSTIN,207175,1971823,ELECTRICAL PANEL,MARK VII,LOW PRESSURE SPOT RINSE PUMPING PLANT 15 HP,SWX-00690,10/30/2023,3,10/26/2025,,Good,,FORM_SUBMISSION,,{},TX,78701,,,,,,,CARWASH,,EQUIPMENT,https://placeholder.com/equipment_photo_1.jpg,MANUFACTURER_PLATE,https://placeholder.com/equipment_photo_2.jpg,ID_TAG,https://placeholder.com/equipment_photo_3.jpg
500 INDUSTRIAL BLVD,METRO SERVICE CENTER,AUSTIN,197251,5041154,ELECTRICAL PANEL,1 - MANUFACTURER NOT LISTED,,,,3,10/26/2025,,Good,,FORM_SUBMISSION,,{},TX,78701,,,,,,,CARWASH,,EQUIPMENT,https://placeholder.com/equipment_photo_1.jpg,MANUFACTURER_PLATE,https://placeholder.com/equipment_photo_2.jpg,ID_TAG,https://placeholder.com/equipment_photo_3.jpg
500 INDUSTRIAL BLVD,METRO SERVICE CENTER,AUSTIN,498382,2321324,ELECTRICAL PANEL,1 - MANUFACTURER NOT LISTED,7040-4161,,,3,10/26/2025,,Good,,FORM_SUBMISSION,,{},TX,78701,,,,,,,CARWASH,,EQUIPMENT,https://placeholder.com/equipment_photo_1.jpg,MANUFACTURER_PLATE,https://placeholder.com/equipment_photo_2.jpg,ID_TAG,https://placeholder.com/equipment_photo_3.jpg
500 INDUSTRIAL BLVD,METRO SERVICE CENTER,AUSTIN,201414,2437026,Carwash,1 - MANUFACTURER NOT LISTED,0,,,3,10/26/2025,,Good,,FORM_SUBMISSION,,{},TX,78701,,,,,,,OUTSIDE,,EQUIPMENT,https://placeholder.com/equipment_photo_1.jpg,ID_TAG,https://placeholder.com/equipment_photo_2.jpg,,
500 INDUSTRIAL BLVD,METRO SERVICE CENTER,AUSTIN,476417,9153566,Falcon Handheld price scanner,FALCON,FALCONX3,G17D07538,04/01/2017,3,10/26/2025,,Good,,FORM_SUBMISSION,,{},TX,78701,,,,,,,FRONT PREP AREA,,EQUIPMENT,https://placeholder.com/equipment_photo_1.jpg,MANUFACTURER_PLATE,https://placeholder.com/equipment_photo_2.jpg,ID_TAG,https://placeholder.com/equipment_photo_3.jpg
500 INDUSTRIAL BLVD,METRO SERVICE CENTER,AUSTIN,988662,2161193,Printer/Machine,ZEBRA,ZQ610,XXZJN222208105,,3,10/26/2025,,Good,,FORM_SUBMISSION,,{},TX,78701,,,,,,,FRONT PREP AREA,,EQUIPMENT,https://placeholder.com/equipment_photo_1.jpg,MANUFACTURER_PLATE,https://placeholder.com/equipment_photo_2.jpg,ID_TAG,https://placeholder.com/equipment_photo_3.jpg
500 INDUSTRIAL BLVD,METRO SERVICE CENTER,AUSTIN,460663,9937326,Trash Valet,1 - MANUFACTURER NOT LISTED,0,,,3,10/26/2025,,Good,,FORM_SUBMISSION,,{},TX,78701,,,,,,,OUTSIDE,,EQUIPMENT,https://placeholder.com/equipment_photo_1.jpg,ID_TAG,https://placeholder.com/equipment_photo_2.jpg,,
500 INDUSTRIAL BLVD,METRO SERVICE CENTER,AUSTIN,733052,3109911,Pump Dispenser,1 - MANUFACTURER NOT LISTED,NN1,EN00287522,06/10/2024,4,10/26/2025,,Good,,FORM_SUBMISSION,,{},TX,78701,,,,,,,OUTSIDE,,EQUIPMENT,https://placeholder.com/equipment_photo_1.jpg,MANUFACTURER_PLATE,https://placeholder.com/equipment_photo_2.jpg,ID_TAG,https://placeholder.com/equipment_photo_3.jpg
500 INDUSTRIAL BLVD,METRO SERVICE CENTER,AUSTIN,377370,3154051,ELECTRICAL PANEL,1 - MANUFACTURER NOT LISTED,0,,,4,10/26/2025,,Good,,FORM_SUBMISSION,,{},TX,78701,,,,,,,OUTSIDE,,EQUIPMENT,https://placeholder.com/equipment_photo_1.jpg,ID_TAG,https://placeholder.com/equipment_photo_2.jpg,,
500 INDUSTRIAL BLVD,METRO SERVICE CENTER,AUSTIN,946335,8973915,Trash Valet,1 - MANUFACTURER NOT LISTED,0,,,3,10/26/2025,,Good,,FORM_SUBMISSION,,{},TX,78701,,,,,,,OUTSIDE,,EQUIPMENT,https://placeholder.com/equipment_photo_1.jpg,ID_TAG,https://placeholder.com/equipment_photo_2.jpg,,
500 INDUSTRIAL BLVD,METRO SERVICE CENTER,AUSTIN,145561,3770370,Pump Dispenser,1 - MANUFACTURER NOT LISTED,NL1,EN00287523,04/23/2024,4,10/26/2025,,Good,,FORM_SUBMISSION,,{},TX,78701,,,,,,,OUTSIDE,,EQUIPMENT,https://placeholder.com/equipment_photo_1.jpg,MANUFACTURER_PLATE,https://placeholder.com/equipment_photo_2.jpg,ID_TAG,https://placeholder.com/equipment_photo_3.jpg
500 INDUSTRIAL BLVD,METRO SERVICE CENTER,AUSTIN,865179,5446912,Fire Extinguisher,0AHU FIRE PROTECTION INC.,0,,,4,10/26/2025,,Good,,FORM_SUBMISSION,,{},TX,78701,,,,,,,OUTSIDE,,EQUIPMENT,https://placeholder.com/equipment_photo_1.jpg,ID_TAG,https://placeholder.com/equipment_photo_2.jpg,,
500 INDUSTRIAL BLVD,METRO SERVICE CENTER,AUSTIN,581741,9852897,TRASH VALET,1 - MANUFACTURER NOT LISTED,0,,,3,10/26/2025,,Good,,FORM_SUBMISSION,,{},TX,78701,,,,,,,OUTSIDE,,EQUIPMENT,https://placeholder.com/equipment_photo_1.jpg,ID_TAG,https://placeholder.com/equipment_photo_2.jpg,,
500 INDUSTRIAL BLVD,METRO SERVICE CENTER,AUSTIN,662275,8099076,Pump Dispenser,1 - MANUFACTURER NOT LISTED,NL1,EN00287524,07/16/2024,4,10/26/2025,,Good,,FORM_SUBMISSION,,{},TX,78701,,,,,,,OUTSIDE,,EQUIPMENT,https://placeholder.com/equipment_photo_1.jpg,MANUFACTURER_PLATE,https://placeholder.com/equipment_photo_2.jpg,ID_TAG,https://placeholder.com/equipment_photo_3.jpg
500 INDUSTRIAL BLVD,METRO SERVICE CENTER,AUSTIN,230889,4553384,Trash Valet,1 - MANUFACTURER NOT LISTED,0,,,3,10/26/2025,,Good,,FORM_SUBMISSION,,{},TX,78701,,,,,,,OUTSIDE,,EQUIPMENT,https://placeholder.com/equipment_photo_1.jpg,ID_TAG,https://placeholder.com/equipment_photo_2.jpg,,
500 INDUSTRIAL BLVD,METRO SERVICE CENTER,AUSTIN,496922,4374754,Pump Dispenser,GILBARCO,NN1,EN00287521,05/28/2024,4,10-25-2025,,Good,,FORM_SUBMISSION,,{},TX,78701,,,,,,,OUTSIDE,,EQUIPMENT,https://placeholder.com/equipment_photo_1.jpg,MANUFACTURER_PLATE,https://placeholder.com/equipment_photo_2.jpg,ID_TAG,https://placeholder.com/equipment_photo_3.jpg
500 INDUSTRIAL BLVD,METRO SERVICE CENTER,AUSTIN,182627,6229731,BOS (Back office Computer),1 - MANUFACTURER NOT LISTED,0,,,2,10/25/2025,,Good,,FORM_SUBMISSION,,{},TX,78701,,,,,,,BACK OFFICE / BUSINESS OFFICE,,EQUIPMENT,https://placeholder.com/equipment_photo_1.jpg,ID_TAG,https://placeholder.com/equipment_photo_2.jpg,,
500 INDUSTRIAL BLVD,METRO SERVICE CENTER,AUSTIN,678856,7693979,BOS (Back office Computer),Cisco,0,,,3,10/25/2025,,Good,,FORM_SUBMISSION,,{},TX,78701,,,,,,,BACK OFFICE / BUSINESS OFFICE,,EQUIPMENT,https://placeholder.com/equipment_photo_1.jpg,ID_TAG,https://placeholder.com/equipment_photo_2.jpg,,
500 INDUSTRIAL BLVD,METRO SERVICE CENTER,AUSTIN,407419,7264956,BOS (Back office Computer),APC,0,,,2,10/25/2025,,Good,,FORM_SUBMISSION,,{},TX,78701,,,,,,,BACK OFFICE / BUSINESS OFFICE,,EQUIPMENT,https://placeholder.com/equipment_photo_1.jpg,ID_TAG,https://placeholder.com/equipment_photo_2.jpg,,
500 INDUSTRIAL BLVD,METRO SERVICE CENTER,AUSTIN,969693,8350099,BOS (Back office Computer),1 - MANUFACTURER NOT LISTED,0,,,3,10/25/2025,,Good,,FORM_SUBMISSION,,{},TX,78701,,,,,,,BACK OFFICE / BUSINESS OFFICE,,EQUIPMENT,https://placeholder.com/equipment_photo_1.jpg,ID_TAG,https://placeholder.com/equipment_photo_2.jpg,,
500 INDUSTRIAL BLVD,METRO SERVICE CENTER,AUSTIN,759176,9683481,BOS (Back office Computer),1 - MANUFACTURER NOT LISTED,0,,,2,10/25/2025,,Good,,FORM_SUBMISSION,,{},TX,78701,,,,,,,BACK OFFICE / BUSINESS OFFICE,,EQUIPMENT,https://placeholder.com/equipment_photo_1.jpg,ID_TAG,https://placeholder.com/equipment_photo_2.jpg,,
500 INDUSTRIAL BLVD,METRO SERVICE CENTER,AUSTIN,748564,8574680,BOS (Back office Computer),APC,0,,,3,10/25/2025,,Good,,FORM_SUBMISSION,,{},TX,78701,,,,,,,BACK OFFICE / BUSINESS OFFICE,,EQUIPMENT,https://placeholder.com/equipment_photo_1.jpg,ID_TAG,https://placeholder.com/equipment_photo_2.jpg,,
500 INDUSTRIAL BLVD,METRO SERVICE CENTER,AUSTIN,479201,3030113,SURVEILLANCE SYSTEM,1 - MANUFACTURER NOT LISTED,0,,,3,10/25/2025,,Good,,FORM_SUBMISSION,,{},TX,78701,,,,,,,STORAGE ROOM,,EQUIPMENT,https://placeholder.com/equipment_photo_1.jpg,ID_TAG,https://placeholder.com/equipment_photo_2.jpg,,
500 INDUSTRIAL BLVD,METRO SERVICE CENTER,AUSTIN,705397,5159166,SURVEILLANCE SYSTEM,ELEMENT,0,,,3,10/25/2025,,Good,,FORM_SUBMISSION,,{},TX,78701,,,,,,,STORAGE ROOM,,EQUIPMENT,https://placeholder.com/equipment_photo_1.jpg,ID_TAG,https://placeholder.com/equipment_photo_2.jpg,,
500 INDUSTRIAL BLVD,METRO SERVICE CENTER,AUSTIN,301629,4769795,Monitor,ELEMENT,0,,,0,10/25/2025,,Good,,FORM_SUBMISSION,,{},TX,78701,,,,,,,STORAGE ROOM,,EQUIPMENT,https://placeholder.com/equipment_photo_1.jpg,ID_TAG,https://placeholder.com/equipment_photo_2.jpg,,
500 INDUSTRIAL BLVD,METRO SERVICE CENTER,AUSTIN,838797,2074176,Hand sink,1 - MANUFACTURER NOT LISTED,0,,,4,10/25/2025,,Good,,FORM_SUBMISSION,,{},TX,78701,,,,,,,INSIDE STORE,,EQUIPMENT,https://placeholder.com/equipment_photo_1.jpg,ID_TAG,https://placeholder.com/equipment_photo_2.jpg,,
500 INDUSTRIAL BLVD,METRO SERVICE CENTER,AUSTIN,172933,6672134,Toilet,1 - MANUFACTURER NOT LISTED,0,,,3,10/25/2025,,Good,,FORM_SUBMISSION,,{},TX,78701,,,,,,,INSIDE STORE,,EQUIPMENT,https://placeholder.com/equipment_photo_1.jpg,ID_TAG,https://placeholder.com/equipment_photo_2.jpg,,
500 INDUSTRIAL BLVD,METRO SERVICE CENTER,AUSTIN,148050,1352896,Credit Card Reader,ENS,3673046E,181018500,,4,10/25/2025,,Good,,FORM_SUBMISSION,,{},TX,78701,,,,,,,INSIDE STORE,,EQUIPMENT,https://placeholder.com/equipment_photo_1.jpg,MANUFACTURER_PLATE,https://placeholder.com/equipment_photo_2.jpg,ID_TAG,https://placeholder.com/equipment_photo_3.jpg
500 INDUSTRIAL BLVD,METRO SERVICE CENTER,AUSTIN,793384,4860684,Cash Registers - POS,PAX COMPUTER TECHONOLOGY,SP30,3A661350,09/26/2025,3,10/25/2025,,Good,,FORM_SUBMISSION,,{},TX,78701,,,,,,,INSIDE STORE,,EQUIPMENT,https://placeholder.com/equipment_photo_1.jpg,MANUFACTURER_PLATE,https://placeholder.com/equipment_photo_2.jpg,ID_TAG,https://placeholder.com/equipment_photo_3.jpg
500 INDUSTRIAL BLVD,METRO SERVICE CENTER,AUSTIN,338968,4694634,Falcon Handheld price scanner,HONEYWELL,1900GSR2EZ,18260B0553,,4,10/25/2025,,Good,,FORM_SUBMISSION,,{},TX,78701,,,,,,,INSIDE STORE,,EQUIPMENT,https://placeholder.com/equipment_photo_1.jpg,MANUFACTURER_PLATE,https://placeholder.com/equipment_photo_2.jpg,ID_TAG,https://placeholder.com/equipment_photo_3.jpg
500 INDUSTRIAL BLVD,METRO SERVICE CENTER,AUSTIN,910620,1120642,Printer/Machine,EPSON,M296A,X8NQ021626,,3,10/25/2025,,Good,,FORM_SUBMISSION,,{},TX,78701,,,,,,,INSIDE STORE,,EQUIPMENT,https://placeholder.com/equipment_photo_1.jpg,MANUFACTURER_PLATE,https://placeholder.com/equipment_photo_2.jpg,ID_TAG,https://placeholder.com/equipment_photo_3.jpg
500 INDUSTRIAL BLVD,METRO SERVICE CENTER,AUSTIN,403445,2191066,Cash Registers - POS,GILBARCO,0,,,3,10/25/2025,,Good,,FORM_SUBMISSION,,{},TX,78701,,,,,,,INSIDE STORE,,EQUIPMENT,https://placeholder.com/equipment_photo_1.jpg,ID_TAG,https://placeholder.com/equipment_photo_2.jpg,,
500 INDUSTRIAL BLVD,METRO SERVICE CENTER,AUSTIN,183667,1987737,Monitor,gilbarco,PA0324P,S60,,0,10/25/2025,,Good,,FORM_SUBMISSION,,{},TX,78701,,,,,,,INSIDE STORE,,EQUIPMENT,https://placeholder.com/equipment_photo_1.jpg,MANUFACTURER_PLATE,https://placeholder.com/equipment_photo_2.jpg,ID_TAG,https://placeholder.com/equipment_photo_3.jpg
500 INDUSTRIAL BLVD,METRO SERVICE CENTER,AUSTIN,996865,4841005,BOS (Back office Computer),DELL,LATITUDE 5420,,,4,10/25/2025,,Good,,FORM_SUBMISSION,,{},TX,78701,,,,,,,BACK OFFICE / BUSINESS OFFICE,,EQUIPMENT,https://placeholder.com/equipment_photo_1.jpg,MANUFACTURER_PLATE,https://placeholder.com/equipment_photo_2.jpg,ID_TAG,https://placeholder.com/equipment_photo_3.jpg
500 INDUSTRIAL BLVD,METRO SERVICE CENTER,AUSTIN,344098,2130789,HP Desk printer,HP,0,,,3,10/25/2025,,Good,,FORM_SUBMISSION,,{},TX,78701,,,,,,,BACK OFFICE / BUSINESS OFFICE,,EQUIPMENT,https://placeholder.com/equipment_photo_1.jpg,ID_TAG,https://placeholder.com/equipment_photo_2.jpg,,
500 INDUSTRIAL BLVD,METRO SERVICE CENTER,AUSTIN,205907,1527021,Printer/Machine,ZEBRA,ZD410,50J191802332,05/01/2019,3,10/25/2025,,Good,,FORM_SUBMISSION,,{},TX,78701,,,,,,,BACK OFFICE / BUSINESS OFFICE,,EQUIPMENT,https://placeholder.com/equipment_photo_1.jpg,MANUFACTURER_PLATE,https://placeholder.com/equipment_photo_2.jpg,ID_TAG,https://placeholder.com/equipment_photo_3.jpg
500 INDUSTRIAL BLVD,METRO SERVICE CENTER,AUSTIN,498591,6543670,BOS (Back office Computer),1 - MANUFACTURER NOT LISTED,0,,,3,10/25/2025,,Good,,FORM_SUBMISSION,,{},TX,78701,,,,,,,BACK OFFICE / BUSINESS OFFICE,,EQUIPMENT,https://placeholder.com/equipment_photo_1.jpg,ID_TAG,https://placeholder.com/equipment_photo_2.jpg,,
500 INDUSTRIAL BLVD,METRO SERVICE CENTER,AUSTIN,391476,2188789,AIR COMPRESSOR,1 - MANUFACTURER NOT LISTED,0,,,3,10/25/2025,,Good,,FORM_SUBMISSION,,{},TX,78701,,,,,,,STORAGE ROOM,,EQUIPMENT,https://placeholder.com/equipment_photo_1.jpg,ID_TAG,https://placeholder.com/equipment_photo_2.jpg,,
500 INDUSTRIAL BLVD,METRO SERVICE CENTER,AUSTIN,575435,9626108,AIR COMPRESSOR,1 - MANUFACTURER NOT LISTED,0,,,3,10/25/2025,,Good,,FORM_SUBMISSION,,{},TX,78701,,,,,,,STORAGE ROOM,,EQUIPMENT,https://placeholder.com/equipment_photo_1.jpg,ID_TAG,https://placeholder.com/equipment_photo_2.jpg,,
500 INDUSTRIAL BLVD,METRO SERVICE CENTER,AUSTIN,766563,4993055,AIR COMPRESSOR,1 - MANUFACTURER NOT LISTED,0,,,3,10/25/2025,,Good,,FORM_SUBMISSION,,{},TX,78701,,,,,,,STORAGE ROOM,,EQUIPMENT,https://placeholder.com/equipment_photo_1.jpg,ID_TAG,https://placeholder.com/equipment_photo_2.jpg,,
500 INDUSTRIAL BLVD,METRO SERVICE CENTER,AUSTIN,974628,5672073,AIR COMPRESSOR,1 - MANUFACTURER NOT LISTED,0,,,2,10/25/2025,,Good,,FORM_SUBMISSION,,{},TX,78701,,,,,,,STORAGE ROOM,,EQUIPMENT,https://placeholder.com/equipment_photo_1.jpg,ID_TAG,https://placeholder.com/equipment_photo_2.jpg,,
500 INDUSTRIAL BLVD,METRO SERVICE CENTER,AUSTIN,482554,9143903,HOT HOLDING CABINET,ANTUNES,SDC500,23091280,,3,10/25/2025,,Good,,FORM_SUBMISSION,,{},TX,78701,,,,,,,BEHIND CASH REGISTER,,EQUIPMENT,https://placeholder.com/equipment_photo_1.jpg,MANUFACTURER_PLATE,https://placeholder.com/equipment_photo_2.jpg,ID_TAG,https://placeholder.com/equipment_photo_3.jpg
500 INDUSTRIAL BLVD,METRO SERVICE CENTER,AUSTIN,270555,4594297,Cash Registers - POS,ENS,3673046,180620-28,,3,10/25/2025,,Good,,FORM_SUBMISSION,,{},TX,78701,,,,,,,BEHIND CASH REGISTER,,EQUIPMENT,https://placeholder.com/equipment_photo_1.jpg,MANUFACTURER_PLATE,https://placeholder.com/equipment_photo_2.jpg,ID_TAG,https://placeholder.com/equipment_photo_3.jpg
500 INDUSTRIAL BLVD,METRO SERVICE CENTER,AUSTIN,488162,3219824,Cash Registers - POS,PAX COMPUTER TECHONOLOGY,A80,1240132809,09/26/2025,4,10/25/2025,,Good,,FORM_SUBMISSION,,{},TX,78701,,,,,,,BEHIND CASH REGISTER,,EQUIPMENT,https://placeholder.com/equipment_photo_1.jpg,MANUFACTURER_PLATE,https://placeholder.com/equipment_photo_2.jpg,ID_TAG,https://placeholder.com/equipment_photo_3.jpg
500 INDUSTRIAL BLVD,METRO SERVICE CENTER,AUSTIN,472528,8930103,ELECTRICAL PANEL,HONEYWELL,1900GSR-2-EZ,18259B06C0,,3,10/25/2025,,Good,,FORM_SUBMISSION,,{},TX,78701,,,,,,,BEHIND CASH REGISTER,,EQUIPMENT,https://placeholder.com/equipment_photo_1.jpg,MANUFACTURER_PLATE,https://placeholder.com/equipment_photo_2.jpg,ID_TAG,https://placeholder.com/equipment_photo_3.jpg
500 INDUSTRIAL BLVD,METRO SERVICE CENTER,AUSTIN,319684,5076817,Printer/Machine,EPSON,M296A,U7FF023197,,3,10/25/2025,,Good,,FORM_SUBMISSION,,{},TX,78701,,,,,,,BEHIND CASH REGISTER,,EQUIPMENT,https://placeholder.com/equipment_photo_1.jpg,MANUFACTURER_PLATE,https://placeholder.com/equipment_photo_2.jpg,ID_TAG,https://placeholder.com/equipment_photo_3.jpg
500 INDUSTRIAL BLVD,METRO SERVICE CENTER,AUSTIN,802729,8935169,Cash/Drop Box,GILBARCO,0,,,3,10/25/2025,,G,,FORM_SUBMISSION,,{},TX,78701,,,,,,,BEHIND CASH REGISTER,,EQUIPMENT,https://placeholder.com/equipment_photo_1.jpg,ID_TAG,https://placeholder.com/equipment_photo_2.jpg,,
500 INDUSTRIAL BLVD,METRO SERVICE CENTER,AUSTIN,379946,7829332,Monitor,GILBARCO,PA0324PC60C,S311580609,,3,10/25/2025,,G,,FORM_SUBMISSION,,{},TX,78701,,,,,,,BEHIND CASH REGISTER,,EQUIPMENT,https://placeholder.com/equipment_photo_1.jpg,MANUFACTURER_PLATE,https://placeholder.com/equipment_photo_2.jpg,ID_TAG,https://placeholder.com/equipment_photo_3.jpg
500 INDUSTRIAL BLVD,METRO SERVICE CENTER,AUSTIN,835911,4194548,ELECTRICAL PANEL,APC,BVN650M1,,,4,10/25/2025,,Good,,FORM_SUBMISSION,,{},TX,78701,,,,,,,BEHIND CASH REGISTER,,EQUIPMENT,https://placeholder.com/equipment_photo_1.jpg,MANUFACTURER_PLATE,https://placeholder.com/equipment_photo_2.jpg,ID_TAG,https://placeholder.com/equipment_photo_3.jpg
500 INDUSTRIAL BLVD,METRO SERVICE CENTER,AUSTIN,816751,2582524,Cash Registers - POS,PAX COMPUTER TECHONOLOGY,SP30,3A765806,,2,10/25/2025,,Fair,,FORM_SUBMISSION,,{},TX,78701,,,,,,,BEHIND CASH REGISTER,,EQUIPMENT,https://placeholder.com/equipment_photo_1.jpg,MANUFACTURER_PLATE,https://placeholder.com/equipment_photo_2.jpg,ID_TAG,https://placeholder.com/equipment_photo_3.jpg
500 INDUSTRIAL BLVD,METRO SERVICE CENTER,AUSTIN,779514,2626229,Cash Registers - POS,PAX COMPUTER TECHONOLOGY,A80,1240168244,,2,10/25/2025,,Fair,,FORM_SUBMISSION,,{},TX,78701,,,,,,,BEHIND CASH REGISTER,,EQUIPMENT,https://placeholder.com/equipment_photo_1.jpg,MANUFACTURER_PLATE,https://placeholder.com/equipment_photo_2.jpg,ID_TAG,https://placeholder.com/equipment_photo_3.jpg
500 INDUSTRIAL BLVD,METRO SERVICE CENTER,AUSTIN,174870,8231838,Cash Registers - POS,WAYNE FUELING SYSTEMS,0,,,3,10/25/2025,,Good,,FORM_SUBMISSION,,{},TX,78701,,,,,,,BEHIND CASH REGISTER,,EQUIPMENT,https://placeholder.com/equipment_photo_1.jpg,ID_TAG,https://placeholder.com/equipment_photo_2.jpg,,
500 INDUSTRIAL BLVD,METRO SERVICE CENTER,AUSTIN,738720,6944126,BEVERAGE DISPENSER,CORNELIUS,0,,,4,10/25/2025,,Good,,FORM_SUBMISSION,,{},TX,78701,,,,,,,INSIDE STORE,,EQUIPMENT,https://placeholder.com/equipment_photo_1.jpg,ID_TAG,https://placeholder.com/equipment_photo_2.jpg,,
500 INDUSTRIAL BLVD,METRO SERVICE CENTER,AUSTIN,765822,8106470,SECURITY ALARM PANEL,1 - MANUFACTURER NOT LISTED,0,,,3,10/23/2025,,Good,,FORM_SUBMISSION,,{},TX,78701,,,,,,,STORAGE ROOM,,EQUIPMENT,https://placeholder.com/equipment_photo_1.jpg,ID_TAG,https://placeholder.com/equipment_photo_2.jpg,,
500 INDUSTRIAL BLVD,METRO SERVICE CENTER,AUSTIN,279451,7897151,VR (Veeder Root),GILBARCO,,,,3,10/23/2025,,Good,,FORM_SUBMISSION,,{},TX,78701,,,,,,,STORAGE ROOM,,EQUIPMENT,https://placeholder.com/equipment_photo_1.jpg,ID_TAG,https://placeholder.com/equipment_photo_2.jpg,,
500 INDUSTRIAL BLVD,METRO SERVICE CENTER,AUSTIN,660086,8835373,ELECTRICAL PANEL,NETGEAR,PROSAFE GS108T,,,2,10/23/2025,,Good,,FORM_SUBMISSION,,{},TX,78701,,,,,,,STORAGE ROOM,,EQUIPMENT,https://placeholder.com/equipment_photo_1.jpg,ID_TAG,https://placeholder.com/equipment_photo_2.jpg,,
500 INDUSTRIAL BLVD,METRO SERVICE CENTER,AUSTIN,864544,1908841,VR (Veeder Root),VEEDER-ROOT,0,,,3,10/23/2025,,Good,,FORM_SUBMISSION,,{},TX,78701,,,,,,,STORAGE ROOM,,EQUIPMENT,https://placeholder.com/equipment_photo_1.jpg,ID_TAG,https://placeholder.com/equipment_photo_2.jpg,,
500 INDUSTRIAL BLVD,METRO SERVICE CENTER,AUSTIN,356702,2651177,ELECTRICAL PANEL,GILBARCO,PA03380000,KGSC188741,,3,10/23/2025,,Good,,FORM_SUBMISSION,,{},TX,78701,,,,,,,STORAGE ROOM,,EQUIPMENT,https://placeholder.com/equipment_photo_1.jpg,ID_TAG,https://placeholder.com/equipment_photo_2.jpg,,
500 INDUSTRIAL BLVD,METRO SERVICE CENTER,AUSTIN,271339,2016911,ELECTRICAL PANEL,1 - MANUFACTURER NOT LISTED,0,5266,,4,10/23/2025,,Good,,FORM_SUBMISSION,,{},TX,78701,,,,,,,STORAGE ROOM,,EQUIPMENT,https://placeholder.com/equipment_photo_1.jpg,ID_TAG,https://placeholder.com/equipment_photo_2.jpg,,
500 INDUSTRIAL BLVD,METRO SERVICE CENTER,AUSTIN,584714,7754864,ELECTRICAL PANEL,1 - MANUFACTURER NOT LISTED,0,5267,,3,10-23-2025,,Good,,FORM_SUBMISSION,,{},TX,78701,,,,,,,STORAGE ROOM,,EQUIPMENT,https://placeholder.com/equipment_photo_1.jpg,ID_TAG,https://placeholder.com/equipment_photo_2.jpg,,
500 INDUSTRIAL BLVD,METRO SERVICE CENTER,AUSTIN,497887,6692553,ELECTRICAL PANEL,1 - MANUFACTURER NOT LISTED,0,,,3,10/23/2025,,Good,,FORM_SUBMISSION,,{},TX,78701,,,,,,,STORAGE ROOM,,EQUIPMENT,https://placeholder.com/equipment_photo_1.jpg,ID_TAG,https://placeholder.com/equipment_photo_2.jpg,,
500 INDUSTRIAL BLVD,METRO SERVICE CENTER,AUSTIN,383060,2833230,ELECTRICAL PANEL,1 - MANUFACTURER NOT LISTED,,5265,,4,10/23/2025,,Good,,FORM_SUBMISSION,,{},TX,78701,,,,,,,STORAGE ROOM,,EQUIPMENT,https://placeholder.com/equipment_photo_1.jpg,ID_TAG,https://placeholder.com/equipment_photo_2.jpg,,
500 INDUSTRIAL BLVD,METRO SERVICE CENTER,AUSTIN,771088,5171761,ELECTRICAL PANEL,1 - MANUFACTURER NOT LISTED,0,,,3,10/23/2025,,Good,,FORM_SUBMISSION,,{},TX,78701,,,,,,,STORAGE ROOM,,EQUIPMENT,https://placeholder.com/equipment_photo_1.jpg,ID_TAG,https://placeholder.com/equipment_photo_2.jpg,,
500 INDUSTRIAL BLVD,METRO SERVICE CENTER,AUSTIN,821590,4214348,ELECTRICAL PANEL,EATON,0,,,3,10/23/2025,,Good,,FORM_SUBMISSION,,{},TX,78701,,,,,,,STORAGE ROOM,,EQUIPMENT,https://placeholder.com/equipment_photo_1.jpg,ID_TAG,https://placeholder.com/equipment_photo_2.jpg,,
500 INDUSTRIAL BLVD,METRO SERVICE CENTER,AUSTIN,684004,4191175,Hand sink,ADVANCE TABCO,0,,,4,10/23/2025,,Good,,FORM_SUBMISSION,,{},TX,78701,,,,,,,FRONT PREP AREA,,EQUIPMENT,https://placeholder.com/equipment_photo_1.jpg,ID_TAG,https://placeholder.com/equipment_photo_2.jpg,,
500 INDUSTRIAL BLVD,METRO SERVICE CENTER,AUSTIN,330283,9997381,RICE COOKER,INSTANT POT,DUO CRISP AF 8,,,3,10/23/2025,,Good,,FORM_SUBMISSION,,{},TX,78701,,,,,,,FRONT PREP AREA,,EQUIPMENT,https://placeholder.com/equipment_photo_1.jpg,MANUFACTURER_PLATE,https://placeholder.com/equipment_photo_2.jpg,ID_TAG,https://placeholder.com/equipment_photo_3.jpg
500 INDUSTRIAL BLVD,METRO SERVICE CENTER,AUSTIN,817870,8526486,RICE COOKER,INSTANT POT,IPDUO60 V3,,,3,10/23/2025,,Good,,FORM_SUBMISSION,,{},TX,78701,,,,,,,FRONT PREP AREA,,EQUIPMENT,https://placeholder.com/equipment_photo_1.jpg,MANUFACTURER_PLATE,https://placeholder.com/equipment_photo_2.jpg,ID_TAG,https://placeholder.com/equipment_photo_3.jpg
500 INDUSTRIAL BLVD,METRO SERVICE CENTER,AUSTIN,440035,3351868,Air Fryer,NINJA,D2201,H02UY103Z9J4,,3,10/23/2025,,Good,,FORM_SUBMISSION,,{},TX,78701,,,,,,,FRONT PREP AREA,,EQUIPMENT,https://placeholder.com/equipment_photo_1.jpg,MANUFACTURER_PLATE,https://placeholder.com/equipment_photo_2.jpg,ID_TAG,https://placeholder.com/equipment_photo_3.jpg
500 INDUSTRIAL BLVD,METRO SERVICE CENTER,AUSTIN,983794,8077999,FIRE SUPPRESSION SYSTEM KIT/HOOD,CAPTIVEAIRE SYSTEMS,5424 ND2,,,3,10/23/2025,,Good,,FORM_SUBMISSION,,{},TX,78701,,,,,,,FRONT PREP AREA,,EQUIPMENT,https://placeholder.com/equipment_photo_1.jpg,MANUFACTURER_PLATE,https://placeholder.com/equipment_photo_2.jpg,ID_TAG,https://placeholder.com/equipment_photo_3.jpg
500 INDUSTRIAL BLVD,METRO SERVICE CENTER,AUSTIN,905635,4078418,RICE COOKER,AROMA,ARC1033E,G6220603,,3,10/23/2025,,Good,,FORM_SUBMISSION,,{},TX,78701,,,,,,,FRONT PREP AREA,,EQUIPMENT,https://placeholder.com/equipment_photo_1.jpg,MANUFACTURER_PLATE,https://placeholder.com/equipment_photo_2.jpg,ID_TAG,https://placeholder.com/equipment_photo_3.jpg
500 INDUSTRIAL BLVD,METRO SERVICE CENTER,AUSTIN,913694,5673212,1 Door Reach-In Refrigerator,TRUE MANUFACTURING,0,,,3,10/23/2025,,Good,,FORM_SUBMISSION,,{},TX,78701,,,,,,,FRONT PREP AREA,,EQUIPMENT,https://placeholder.com/equipment_photo_1.jpg,ID_TAG,https://placeholder.com/equipment_photo_2.jpg,,
500 INDUSTRIAL BLVD,METRO SERVICE CENTER,AUSTIN,158655,8761611,CONVECTION OVEN,TURBOCHEF,0,,,4,10/22/2025,,Good,,FORM_SUBMISSION,,{},TX,78701,,,,,,,FRONT PREP AREA,,EQUIPMENT,https://placeholder.com/equipment_photo_1.jpg,ID_TAG,https://placeholder.com/equipment_photo_2.jpg,,
500 INDUSTRIAL BLVD,METRO SERVICE CENTER,AUSTIN,340174,5191056,RICE COOKER,1 - MANUFACTURER NOT LISTED,0,,,4,10/22/2025,,Good,,FORM_SUBMISSION,,{},TX,78701,,,,,,,FRONT PREP AREA,,EQUIPMENT,https://placeholder.com/equipment_photo_1.jpg,ID_TAG,https://placeholder.com/equipment_photo_2.jpg,,
500 INDUSTRIAL BLVD,METRO SERVICE CENTER,AUSTIN,961722,2264748,2 Door Reach-In Refrigerator,TRUE MANUFACTURING,0,,,4,10/22/2025,,Good,,FORM_SUBMISSION,,{},TX,78701,,,,,,,FRONT PREP AREA,,EQUIPMENT,https://placeholder.com/equipment_photo_1.jpg,ID_TAG,https://placeholder.com/equipment_photo_2.jpg,,
500 INDUSTRIAL BLVD,METRO SERVICE CENTER,AUSTIN,133659,8434500,RICE COOKER,proluxe,DP1350,93385,,3,10/22/2025,,Good,,FORM_SUBMISSION,,{},TX,78701,,,,,,,FRONT PREP AREA,,EQUIPMENT,https://placeholder.com/equipment_photo_1.jpg,MANUFACTURER_PLATE,https://placeholder.com/equipment_photo_2.jpg,ID_TAG,https://placeholder.com/equipment_photo_3.jpg
500 INDUSTRIAL BLVD,METRO SERVICE CENTER,AUSTIN,944151,2642635,Printer/Machine,Date code Genie,DCG 20,A12060,01/01/2020,3,10/22/2025,,Good,,FORM_SUBMISSION,,{},TX,78701,,,,,,,FRONT PREP AREA,,EQUIPMENT,https://placeholder.com/equipment_photo_1.jpg,MANUFACTURER_PLATE,https://placeholder.com/equipment_photo_2.jpg,ID_TAG,https://placeholder.com/equipment_photo_3.jpg
500 INDUSTRIAL BLVD,METRO SERVICE CENTER,AUSTIN,430776,1848731,Mouste and Keyboard,1 - MANUFACTURER NOT LISTED,YU0036,2428L03094T8,,4,10/22/2025,,Good,,FORM_SUBMISSION,,{},TX,78701,,,,,,,STORAGE ROOM,,EQUIPMENT,https://placeholder.com/equipment_photo_1.jpg,MANUFACTURER_PLATE,https://placeholder.com/equipment_photo_2.jpg,ID_TAG,https://placeholder.com/equipment_photo_3.jpg
500 INDUSTRIAL BLVD,METRO SERVICE CENTER,AUSTIN,520651,1247595,Monitor,1 - MANUFACTURER NOT LISTED,0,,,4,10/22/2025,,Good,,FORM_SUBMISSION,,{},TX,78701,,,,,,,STORAGE ROOM,,EQUIPMENT,https://placeholder.com/equipment_photo_1.jpg,ID_TAG,https://placeholder.com/equipment_photo_2.jpg,,
500 INDUSTRIAL BLVD,METRO SERVICE CENTER,AUSTIN,380746,2564689,Monitor,1 - MANUFACTURER NOT LISTED,0,,,0,10/22/2025,,Good,,FORM_SUBMISSION,,{},TX,78701,,,,,,,STORAGE ROOM,,EQUIPMENT,https://placeholder.com/equipment_photo_1.jpg,ID_TAG,https://placeholder.com/equipment_photo_2.jpg,,
500 INDUSTRIAL BLVD,METRO SERVICE CENTER,AUSTIN,169403,4965789,ICE MACHINE BULK,MANITOWOC,0,,,4,10/22/2025,,Good,,FORM_SUBMISSION,,{},TX,78701,,,,,,,INSIDE STORE,,EQUIPMENT,https://placeholder.com/equipment_photo_1.jpg,ID_TAG,https://placeholder.com/equipment_photo_2.jpg,,
500 INDUSTRIAL BLVD,METRO SERVICE CENTER,AUSTIN,321231,3790237,ICE MACHINE BULK,manitowoc,0,,,4,10/22/2025,,Good,,FORM_SUBMISSION,,{},TX,78701,,,,,,,INSIDE STORE,,EQUIPMENT,https://placeholder.com/equipment_photo_1.jpg,ID_TAG,https://placeholder.com/equipment_photo_2.jpg,,
500 INDUSTRIAL BLVD,METRO SERVICE CENTER,AUSTIN,694731,7818496,BEVERAGE DISPENSER,CORNELIUS,0,,,4,10/22/2025,,Good,,FORM_SUBMISSION,,{},TX,78701,,,,,,,INSIDE STORE,,EQUIPMENT,https://placeholder.com/equipment_photo_1.jpg,ID_TAG,https://placeholder.com/equipment_photo_2.jpg,,
500 INDUSTRIAL BLVD,METRO SERVICE CENTER,AUSTIN,852787,9147706,BEVERAGE DISPENSER,1 - MANUFACTURER NOT LISTED,0,,,5,10/22/2025,,Good,,FORM_SUBMISSION,,{},TX,78701,,,,,,,INSIDE STORE,,EQUIPMENT,https://placeholder.com/equipment_photo_1.jpg,ID_TAG,https://placeholder.com/equipment_photo_2.jpg,,
500 INDUSTRIAL BLVD,METRO SERVICE CENTER,AUSTIN,429963,9075854,HOT HOLDING CABINET,HATCO CORPORATION,FSD-1 FLAV-R-SAVOR,,,3,10/22/2025,,Good,,FORM_SUBMISSION,,{},TX,78701,,,,,,,INSIDE STORE,,EQUIPMENT,https://placeholder.com/equipment_photo_1.jpg,ID_TAG,https://placeholder.com/equipment_photo_2.jpg,,
500 INDUSTRIAL BLVD,METRO SERVICE CENTER,AUSTIN,322955,4586084,HOT HOLDING CABINET,HATCO CORPORATION,FSD-1 FLAV -R-SAVOR,,,4,10/22/2025,,Good,,FORM_SUBMISSION,,{},TX,78701,,,,,,,INSIDE STORE,,EQUIPMENT,https://placeholder.com/equipment_photo_1.jpg,ID_TAG,https://placeholder.com/equipment_photo_2.jpg,,
500 INDUSTRIAL BLVD,METRO SERVICE CENTER,AUSTIN,787277,7728339,MICROWAVE CONVECTION,1 - MANUFACTURER NOT LISTED,0,,,3,10/22/2025,,Good,,FORM_SUBMISSION,,{},TX,78701,,,,,,,INSIDE STORE,,EQUIPMENT,https://placeholder.com/equipment_photo_1.jpg,ID_TAG,https://placeholder.com/equipment_photo_2.jpg,,
500 INDUSTRIAL BLVD,METRO SERVICE CENTER,AUSTIN,623481,1983738,COFFEE/TEA BREWER,BUNN,DUAL TF DBC120208V FLK,DUAL168489,02/01/2016,4,10/22/2025,,Good,,FORM_SUBMISSION,,{},TX,78701,,,,,,,INSIDE STORE,,EQUIPMENT,https://placeholder.com/equipment_photo_1.jpg,MANUFACTURER_PLATE,https://placeholder.com/equipment_photo_2.jpg,ID_TAG,https://placeholder.com/equipment_photo_3.jpg
500 INDUSTRIAL BLVD,METRO SERVICE CENTER,AUSTIN,514850,3762152,COFFEE/TEA BREWER,1 - manufacturer not listed,0,,,4,10/22/2025,,Good,,FORM_SUBMISSION,,{},TX,78701,,,,,,,INSIDE STORE,,EQUIPMENT,https://placeholder.com/equipment_photo_1.jpg,ID_TAG,https://placeholder.com/equipment_photo_2.jpg,,
500 INDUSTRIAL BLVD,METRO SERVICE CENTER,AUSTIN,774079,7358113,COFFEE/TEA BREWER,BUNN,TF SERVER 15G MECH GEN3,TFC1120309,,4,10/22/2025,,Good,,FORM_SUBMISSION,,{},TX,78701,,,,,,,INSIDE STORE,,EQUIPMENT,https://placeholder.com/equipment_photo_1.jpg,MANUFACTURER_PLATE,https://placeholder.com/equipment_photo_2.jpg,ID_TAG,https://placeholder.com/equipment_photo_3.jpg
500 INDUSTRIAL BLVD,METRO SERVICE CENTER,AUSTIN,581141,1036161,Dispensers,GOLD MEDAL,5300P,5300P63682,03/01/2024,4,10/22/2025,,Good,,FORM_SUBMISSION,,{},TX,78701,,,,,,,INSIDE STORE,,EQUIPMENT,https://placeholder.com/equipment_photo_1.jpg,MANUFACTURER_PLATE,https://placeholder.com/equipment_photo_2.jpg,ID_TAG,https://placeholder.com/equipment_photo_3.jpg
500 INDUSTRIAL BLVD,METRO SERVICE CENTER,AUSTIN,249811,7550190,COFFEE/TEA BREWER,1 - manufacturer not listed,0,89660 RX,,4,10/22/2025,,Good,,FORM_SUBMISSION,,{},TX,78701,,,,,,,INSIDE STORE,,EQUIPMENT,https://placeholder.com/equipment_photo_1.jpg,ID_TAG,https://placeholder.com/equipment_photo_2.jpg,MANUFACTURER_PLATE,https://placeholder.com/equipment_photo_3.jpg
500 INDUSTRIAL BLVD,METRO SERVICE CENTER,AUSTIN,377746,5449368,ESPRESSO MACHINE,CURTIS,0,,,4,10/22/2025,,Good,,FORM_SUBMISSION,,{},TX,78701,,,,,,,INSIDE STORE,,EQUIPMENT,https://placeholder.com/equipment_photo_1.jpg,ID_TAG,https://placeholder.com/equipment_photo_2.jpg,,
500 INDUSTRIAL BLVD,METRO SERVICE CENTER,AUSTIN,246413,8633773,COFFEE/TEA BREWER,BUNN,TF SERVER 15G MECH GEN3,TFC1120267,,4,10/22/2025,,Good,,FORM_SUBMISSION,,{},TX,78701,,,,,,,INSIDE STORE,,EQUIPMENT,https://placeholder.com/equipment_photo_1.jpg,MANUFACTURER_PLATE,https://placeholder.com/equipment_photo_2.jpg,ID_TAG,https://placeholder.com/equipment_photo_3.jpg
500 INDUSTRIAL BLVD,METRO SERVICE CENTER,AUSTIN,358607,5785687,COFFEE/TEA BREWER,1 - MANUFACTURER NOT LISTED,0,,,4,10/22/2025,,Good,,FORM_SUBMISSION,,{},TX,78701,,,,,,,INSIDE STORE,,EQUIPMENT,https://placeholder.com/equipment_photo_1.jpg,ID_TAG,https://placeholder.com/equipment_photo_2.jpg,,
500 INDUSTRIAL BLVD,METRO SERVICE CENTER,AUSTIN,881177,8096887,ELECTRICAL PANEL,NETGEAR,,GS108T V2H1,,3,10/22/2025,,Fair,,FORM_SUBMISSION,,{},TX,78701,,,,,,,BEHIND CASH REGISTER,,EQUIPMENT,https://placeholder.com/equipment_photo_1.jpg,ID_TAG,https://placeholder.com/equipment_photo_2.jpg,,
500 INDUSTRIAL BLVD,METRO SERVICE CENTER,AUSTIN,688637,9164991,2 Door Upright Reach-In Freezer,1 - MANUFACTURER NOT LISTED,L085UAGX,11J0270,,4,10/21/2025,,Good,,FORM_SUBMISSION,,{},TX,78701,,,,12.5,OZ,R-404A,INSIDE STORE,,EQUIPMENT,https://placeholder.com/equipment_photo_1.jpg,MANUFACTURER_PLATE,https://placeholder.com/equipment_photo_2.jpg,ID_TAG,https://placeholder.com/equipment_photo_3.jpg
500 INDUSTRIAL BLVD,METRO SERVICE CENTER,AUSTIN,665158,3597059,ELECTRICAL PANEL,1 - MANUFACTURER NOT LISTED,0,,,4,10/21/2025,,Good,,FORM_SUBMISSION,,{},TX,78701,,,,,,,INSIDE STORE,,EQUIPMENT,https://placeholder.com/equipment_photo_1.jpg,ID_TAG,https://placeholder.com/equipment_photo_2.jpg,,
500 INDUSTRIAL BLVD,METRO SERVICE CENTER,AUSTIN,375504,4185957,Monitor,SAMSUNG,0,,,3,10-21-2025,,Good,,FORM_SUBMISSION,,{},TX,78701,,,,,,,INSIDE STORE,,EQUIPMENT,https://placeholder.com/equipment_photo_1.jpg,ID_TAG,https://placeholder.com/equipment_photo_2.jpg,,
500 INDUSTRIAL BLVD,METRO SERVICE CENTER,AUSTIN,883300,5977931,Cash/Drop Box,HYOSUNG,0,,,4,10/21/2025,,Good,,FORM_SUBMISSION,,{},TX,78701,,,,,,,INSIDE STORE,,EQUIPMENT,https://placeholder.com/equipment_photo_1.jpg,ID_TAG,https://placeholder.com/equipment_photo_2.jpg,,
500 INDUSTRIAL BLVD,METRO SERVICE CENTER,AUSTIN,712982,4652414,2 Door Upright Reach-In Freezer,"DRYERS GRAND ICE CREAM, INC",SD-575KE,22A0460709,,4,10/21/2025,,Good,,FORM_SUBMISSION,,{},TX,78701,,,,,,,INSIDE STORE,,EQUIPMENT,https://placeholder.com/equipment_photo_1.jpg,MANUFACTURER_PLATE,https://placeholder.com/equipment_photo_2.jpg,ID_TAG,https://placeholder.com/equipment_photo_3.jpg
500 INDUSTRIAL BLVD,METRO SERVICE CENTER,AUSTIN,549245,1981186,Printer/Machine,aaron process,ZQ610,X7J0N210501197,,2,10-21-2025,,Good,,FORM_SUBMISSION,,{},TX,78701,,,,,,,INSIDE STORE,,EQUIPMENT,https://placeholder.com/equipment_photo_1.jpg,MANUFACTURER_PLATE,https://placeholder.com/equipment_photo_2.jpg,ID_TAG,https://placeholder.com/equipment_photo_3.jpg
500 INDUSTRIAL BLVD,METRO SERVICE CENTER,AUSTIN,660086,8835373,ELECTRICAL PANEL,NETGEAR,PROSAFE GS108T,,,2,10-23-2025,,Good,,FORM_SUBMISSION,,{},TX,78701,,,,,,,STORAGE ROOM,,EQUIPMENT,https://placeholder.com/equipment_photo_1.jpg,ID_TAG,https://placeholder.com/equipment_photo_2.jpg,,
500 INDUSTRIAL BLVD,METRO SERVICE CENTER,AUSTIN,821590,4214348,ELECTRICAL PANEL,EATON,0,,,3,10/23/2025,,Good,,FORM_SUBMISSION,,{},TX,78701,,,,,,,STORAGE ROOM,,EQUIPMENT,https://placeholder.com/equipment_photo_1.jpg,ID_TAG,https://placeholder.com/equipment_photo_2.jpg,,
500 INDUSTRIAL BLVD,METRO SERVICE CENTER,AUSTIN,539898,3997281,ELECTRICAL PANEL,1 - MANUFACTURER NOT LISTED,0,,,2,10/27/2025,,Good,,FORM_SUBMISSION,,{},TX,78701,,,,,,,BACK OFFICE / BUSINESS OFFICE,,EQUIPMENT,https://placeholder.com/equipment_photo_1.jpg,ID_TAG,https://placeholder.com/equipment_photo_2.jpg,,
500 INDUSTRIAL BLVD,METRO SERVICE CENTER,AUSTIN,983794,8077999,FIRE SUPPRESSION SYSTEM KIT/HOOD,CAPTIVEAIRE SYSTEMS,5424 ND2,,,3,10-23-2025,,Good,,FORM_SUBMISSION,,{},TX,78701,,,,,,,FRONT PREP AREA,,EQUIPMENT,https://placeholder.com/equipment_photo_1.jpg,MANUFACTURER_PLATE,https://placeholder.com/equipment_photo_2.jpg,ID_TAG,https://placeholder.com/equipment_photo_3.jpg
500 INDUSTRIAL BLVD,METRO SERVICE CENTER,AUSTIN,748564,8574680,BOS (Back office Computer),APC,0,,,3,10/25/2025,,Good,,FORM_SUBMISSION,,{},TX,78701,,,,,,,BACK OFFICE / BUSINESS OFFICE,,EQUIPMENT,https://placeholder.com/equipment_photo_1.jpg,ID_TAG,https://placeholder.com/equipment_photo_2.jpg,,